date,platform,campaign_name,ad_set_name,objective,result_type,region,age_group,gender,device,creative_format,cta,budget_inr,spend_inr,impressions,reach,frequency,clicks,ctr_pct,cpc_inr,landing_page_views,add_to_cart,purchases,conversions,conversion_rate_pct,cost_per_conversion_inr,roas
2026-04-01,Instagram,Summer Sale Prospecting,Summer Sale Prospecting - A,Sales,purchase,Metro,35-44,Women,Mobile,Reels,Shop Now,5119,3992.78,69886,50903,1.93,942,1.35,4.24,602,17,13,18,1.91,221.82,2.21
2026-04-01,Instagram,Summer Sale Prospecting,Summer Sale Prospecting - B,Sales,purchase,Tier 1,35-44,Women,Mobile,Story,Shop Now,5271,4532.58,33431,25794,1.93,409,1.22,11.08,311,6,4,7,1.71,647.51,1.43
2026-04-01,Instagram,Summer Sale Prospecting,Summer Sale Prospecting - C,Sales,purchase,Metro,35-44,Men,Desktop,Image,Shop Now,2883,2649.44,25627,15808,1.82,265,1.03,10.0,146,5,2,5,1.89,529.89,1.75
2026-04-01,Instagram,Retargeting Add to Cart,Retargeting Add to Cart - A,Sales,purchase,,25-34,Men,Desktop,Carousel,Shop Now,2402,2278.91,50920,39800,1.7,1763,3.46,1.29,1217,136,61,116,6.58,19.65,4.16
2026-04-01,Instagram,Retargeting Add to Cart,Retargeting Add to Cart - B,Sales,purchase,Metro,18-24,Men,Mobile,Image,Shop Now,2893,2638.15,38247,25102,2.14,1268,3.32,2.08,1027,71,33,59,4.65,44.71,3.51
2026-04-01,Instagram,Retargeting Add to Cart,Retargeting Add to Cart - C,Sales,purchase,Metro,25-34,Men,Mobile,Carousel,Buy Now,3056,2297.06,77592,62105,2.5,1714,2.21,1.34,1269,82,51,65,3.79,35.34,3.54
2026-04-01,Instagram,Influencer Reel Push,Influencer Reel Push - A,Engagement,engagement,Tier 2,18-24,Women,Mobile,Story,Learn More,6985,6583.53,50222,33832,2.15,857,1.71,7.68,534,9,4,252,0.93,822.94,1.4
2026-04-01,Instagram,Influencer Reel Push,Influencer Reel Push - B,Engagement,engagement,Metro,18-24,Men,Mobile,Reels,Watch More,5885,2831.82,15206,11149,1.37,305,2.01,9.28,170,4,2,61,1.31,707.96,0.87
2026-04-01,Instagram,Influencer Reel Push,Influencer Reel Push - C,Engagement,engagement,Metro,25-34,Women,Mobile,Video,Watch More,4556,4235.53,48827,30113,2.31,830,1.7,5.1,653,13,6,100,1.33,385.05,0.96
2026-04-01,Instagram,Festival Offer Prospecting,Festival Offer Prospecting - A,Sales,purchase,Tier 2,18-24,Men,Mobile,Image,Learn More,5374,4450.52,33047,21269,1.71,311,0.94,14.31,180,7,4,7,2.25,635.79,1.9
2026-04-01,Instagram,Festival Offer Prospecting,Festival Offer Prospecting - B,Sales,purchase,Tier 1,35-44,Men,Mobile,Reels,Learn More,3169,2632.88,18748,12530,1.59,302,1.61,8.72,179,8,5,8,2.65,329.11,1.88
2026-04-01,Instagram,Festival Offer Prospecting,Festival Offer Prospecting - C,Sales,purchase,Metro,18-24,Women,Desktop,Image,Buy Now,5304,4456.76,80318,57426,1.66,1005,1.25,4.43,562,28,16,24,2.39,185.7,1.59
2026-04-01,Instagram,Lead Magnet DM Campaign,Lead Magnet DM Campaign - A,Leads,lead,Metro,,Men,Desktop,Reels,Send Message,2896,2755.95,41309,32500,2.42,865,2.09,3.19,531,70,34,56,6.47,49.21,1.77
2026-04-01,Instagram,Lead Magnet DM Campaign,Lead Magnet DM Campaign - B,Leads,lead,Tier 2,35-44,Women,Mobile,Reels,Send Message,3420,3086.41,40184,32793,2.31,1194,2.97,2.58,933,107,55,101,8.46,30.56,2.55
2026-04-01,Instagram,Lead Magnet DM Campaign,Lead Magnet DM Campaign - C,Leads,lead,Tier 1,25-34,Men,Desktop,Reels,Learn More,4851,4201.07,23680,15834,2.7,636,2.69,6.61,373,48,22,45,7.08,93.36,2.33
2026-04-02,Instagram,Summer Sale Prospecting,Summer Sale Prospecting - A,Sales,purchase,Metro,18-24,Women,Mobile,Reels,Shop Now,3982,3600.67,17049,10344,2.09,246,1.44,14.64,193,2,1,3,1.22,1200.22,2.12
2026-04-02,Instagram,Summer Sale Prospecting,Summer Sale Prospecting - B,Sales,purchase,Tier 1,35-44,Women,Desktop,Reels,Learn More,3126,2423.41,74040,50332,1.46,1069,1.44,2.27,847,28,10,24,2.25,100.98,2.03
2026-04-02,Instagram,Summer Sale Prospecting,Summer Sale Prospecting - C,Sales,purchase,Tier 2,35-44,Women,Mobile,Image,Shop Now,4940,3965.72,76135,46220,1.23,980,1.29,4.05,669,14,9,15,1.53,264.38,1.79
2026-04-02,Instagram,Retargeting Add to Cart,Retargeting Add to Cart - A,Sales,purchase,Tier 1,35-44,Women,Mobile,Image,Buy Now,3699,3052.19,55818,38018,2.14,1901,3.41,1.61,1547,125,94,110,5.79,27.75,2.01
2026-04-02,Instagram,Retargeting Add to Cart,Retargeting Add to Cart - B,Sales,purchase,Metro,35-44,Men,Mobile,Image,Shop Now,3358,3246.3,20600,16511,1.65,297,1.44,10.93,165,11,4,9,3.03,360.7,4.91
2026-04-02,Instagram,Retargeting Add to Cart,Retargeting Add to Cart - C,Sales,purchase,Tier 1,35-44,Men,Mobile,Carousel,Buy Now,2722,2281.95,81235,51528,1.82,2147,2.64,1.06,1674,123,61,117,5.45,19.5,3.73
2026-04-02,Instagram,Influencer Reel Push,Influencer Reel Push - A,Engagement,engagement,Tier 2,18-24,Women,Mobile,Video,Watch More,5209,4955.55,51631,41157,1.77,1094,2.12,4.53,676,13,7,295,1.19,381.2,1.58
2026-04-02,Instagram,Influencer Reel Push,Influencer Reel Push - B,Engagement,engagement,Metro,25-34,Women,Mobile,Reels,Watch More,6805,6873.88,64689,41599,2.66,1286,1.99,5.35,884,13,9,295,0.93,572.82,1.23
2026-04-02,Instagram,Influencer Reel Push,Influencer Reel Push - C,Engagement,engagement,Tier 1,18-24,Men,Mobile,Story,Watch More,5997,5286.61,28403,19732,2.28,633,2.23,8.35,404,8,8,169,1.42,587.4,1.31
2026-04-02,Instagram,Festival Offer Prospecting,Festival Offer Prospecting - A,Sales,purchase,Tier 1,25-34,Women,Mobile,Reels,Buy Now,5202,3350.22,34508,26838,1.93,464,1.34,7.22,360,12,8,13,2.8,257.71,2.21
2026-04-02,Instagram,Festival Offer Prospecting,Festival Offer Prospecting - B,Sales,purchase,Tier 1,25-34,Men,,Carousel,Learn More,6304,4395.06,40945,35216,2.54,496,1.21,8.86,366,14,6,13,2.62,338.08,1.0
2026-04-02,Instagram,Festival Offer Prospecting,Festival Offer Prospecting - C,Sales,purchase,Tier 2,45-54,Women,Mobile,Image,Shop Now,4294,4042.72,60543,37434,2.03,800,1.32,5.05,581,17,12,16,2.0,252.67,2.2
2026-04-02,Instagram,Lead Magnet DM Campaign,Lead Magnet DM Campaign - A,Leads,lead,Tier 1,18-24,Men,Mobile,Story,Send Message,1886,1898.52,59078,50478,2.33,1327,2.25,1.43,899,61,43,65,4.9,29.21,2.34
2026-04-02,Instagram,Lead Magnet DM Campaign,Lead Magnet DM Campaign - B,Leads,lead,Metro,18-24,Men,Mobile,Story,Learn More,2737,2780.8,38049,23420,1.62,566,1.49,4.91,313,43,21,32,5.65,86.9,1.69
2026-04-02,Instagram,Lead Magnet DM Campaign,Lead Magnet DM Campaign - C,Leads,lead,Tier 1,18-24,Women,Desktop,Image,Learn More,2940,2721.65,45977,39524,2.7,1500,3.26,1.81,1058,110,74,101,6.73,26.95,2.59
2026-04-03,Instagram,Summer Sale Prospecting,Summer Sale Prospecting - A,Sales,purchase,Tier 1,25-34,Women,Desktop,Reels,Buy Now,3495,2837.96,53304,36120,1.64,980,1.84,2.9,595,8,3,8,0.82,354.75,1.84
2026-04-03,Instagram,Summer Sale Prospecting,Summer Sale Prospecting - B,Sales,purchase,Metro,25-34,Men,Mobile,Reels,Buy Now,3951,2400.5,30305,26088,1.65,223,0.74,10.76,129,6,3,5,2.24,480.1,2.23
2026-04-03,Instagram,Summer Sale Prospecting,Summer Sale Prospecting - C,Sales,purchase,Metro,25-34,Men,Mobile,Reels,Shop Now,2748,2529.69,59425,43639,2.12,777,1.31,3.26,580,17,10,18,2.32,140.54,1.95
2026-04-03,Instagram,Retargeting Add to Cart,Retargeting Add to Cart - A,Sales,purchase,Metro,18-24,Women,Mobile,Image,Buy Now,2279,2225.13,35150,23042,1.36,1240,3.53,1.79,984,68,48,59,4.76,37.71,4.14
2026-04-03,Instagram,Retargeting Add to Cart,Retargeting Add to Cart - B,Sales,purchase,Metro,35-44,Women,Mobile,Reels,Shop Now,1808,1623.42,79895,57426,1.33,2618,3.28,0.62,1504,127,74,106,4.05,15.32,3.68
2026-04-03,Instagram,Retargeting Add to Cart,Retargeting Add to Cart - C,Sales,purchase,Metro,25-34,Women,Mobile,Image,Shop Now,2468,2360.42,21801,13339,2.54,558,2.56,4.23,437,34,16,26,4.66,90.79,5.39
2026-04-03,Instagram,Influencer Reel Push,Influencer Reel Push - A,Engagement,engagement,Metro,25-34,Women,Desktop,Video,Learn More,4552,3920.15,43295,32378,2.5,680,1.57,5.76,547,5,3,119,0.59,980.04,1.12
2026-04-03,Instagram,Influencer Reel Push,Influencer Reel Push - B,Engagement,engagement,Tier 2,25-34,Women,Mobile,Video,Watch More,5853,2222.0,24435,17019,2.43,215,0.88,10.33,166,3,2,31,1.4,740.67,1.1
2026-04-03,Instagram,Influencer Reel Push,Influencer Reel Push - C,Engagement,engagement,Tier 1,18-24,Men,Desktop,Reels,Watch More,5372,5592.06,82641,71483,1.27,1283,1.55,4.36,1014,4,3,147,0.31,1398.02,0.87
2026-04-03,Instagram,Festival Offer Prospecting,Festival Offer Prospecting - A,Sales,purchase,Tier 2,25-34,Women,Mobile,Reels,Shop Now,4559,4781.25,53413,41174,2.32,896,1.68,5.34,585,27,18,22,2.46,217.33,2.2
2026-04-03,Instagram,festival offer prospecting,Festival Offer Prospecting - B,Sales,purchase,Tier 1,25-34,Women,Mobile,Reels,Shop Now,2780,2276.32,76529,56935,1.63,896,1.17,2.54,579,20,13,20,2.23,113.82,1.75
2026-04-03,Instagram,Festival Offer Prospecting,Festival Offer Prospecting - C,Sales,purchase,Metro,35-44,Men,Mobile,Image,Learn More,5036,4873.42,60445,37199,2.18,1298,2.15,3.75,860,23,14,17,1.31,286.67,1.8
2026-04-03,Instagram,Lead Magnet DM Campaign,Lead Magnet DM Campaign - A,Leads,lead,Metro,18-24,Men,Mobile,Reels,Sign Up,2777,2556.85,35309,22567,1.3,1005,2.85,2.54,562,49,23,51,5.07,50.13,3.35
2026-04-03,Instagram,Lead Magnet DM Campaign,Lead Magnet DM Campaign - B,Leads,lead,Tier 2,18-24,Women,Mobile,Image,Send Message,4879,4722.07,65612,45482,2.41,1522,2.32,3.1,992,79,42,78,5.12,60.54,2.64
2026-04-03,Instagram,Lead Magnet DM Campaign,Lead Magnet DM Campaign - C,Leads,lead,Metro,25-34,Women,Mobile,Reels,Send Message,4002,3431.51,60543,41494,1.38,1049,1.73,3.27,767,52,35,45,4.29,76.26,2.34
2026-04-04,Instagram,Summer Sale Prospecting,Summer Sale Prospecting - A,Sales,purchase,Metro,25-34,Men,Mobile,Image,Learn More,4013,3720.0,39285,25412,1.97,610,1.55,6.1,404,15,8,12,1.97,310.0,2.3
2026-04-04,Instagram,Summer Sale Prospecting,Summer Sale Prospecting - B,Sales,purchase,Tier 2,25-34,Men,Mobile,Reels,Shop Now,5235,5346.23,40934,29906,1.76,516,1.26,10.36,355,12,6,10,1.94,534.62,2.11
2026-04-04,Instagram,Summer Sale Prospecting,Summer Sale Prospecting - C,Sales,purchase,Tier 2,35-44,Women,Mobile,Story,Learn More,2972,2269.89,34963,29551,2.19,522,1.49,4.35,336,11,7,11,2.11,206.35,1.92
2026-04-04,Instagram,Retargeting Add to Cart,Retargeting Add to Cart - A,Sales,purchase,Metro,35-44,Men,Mobile,Reels,Buy Now,2904,2736.33,21090,17295,1.49,662,3.14,4.13,425,14,7,11,1.66,248.76,2.75
2026-04-04,Instagram,Retargeting Add to Cart,Retargeting Add to Cart - B,Sales,purchase,Metro,25-34,Men,Mobile,Carousel,Shop Now,1708,1562.16,51668,44315,2.06,1090,2.11,1.43,704,75,28,56,5.14,27.9,3.05
2026-04-04,Instagram,Retargeting Add to Cart,Retargeting Add to Cart - C,Sales,purchase,Tier 1,25-34,Women,Mobile,Image,Buy Now,2035,2059.57,58221,48889,2.67,1133,1.95,1.82,641,34,26,33,2.91,62.41,2.94
2026-04-04,Instagram,Influencer Reel Push,Influencer Reel Push - A,Engagement,engagement,Metro,18-24,Women,Desktop,Video,Watch More,3458,2976.21,23717,16254,1.94,348,1.47,8.55,261,3,2,84,1.15,744.05,0.76
2026-04-04,Instagram,Influencer Reel Push,Influencer Reel Push - B,Engagement,engagement,Metro,25-34,Men,Mobile,Reels,Learn More,3522,2925.98,49674,39075,1.8,900,1.81,3.25,499,13,7,148,1.44,225.08,1.12
2026-04-04,Instagram,Influencer Reel Push,Influencer Reel Push - C,Engagement,engagement,Metro,18-24,Women,Mobile,Story,Learn More,5793,5625.27,41734,28939,2.09,1068,2.56,5.27,756,18,9,178,1.5,351.58,1.51
2026-04-04,Instagram,Festival Offer Prospecting,Festival Offer Prospecting - A,Sales,purchase,Tier 2,25-34,Men,Mobile,Image,Buy Now,6291,3567.97,18812,11634,1.56,298,1.58,11.97,193,10,7,9,3.02,396.44,1.18
2026-04-04,Instagram,Festival Offer Prospecting,Festival Offer Prospecting - B,Sales,purchase,Tier 1,35-44,Men,Mobile,Carousel,Learn More,3234,3122.55,28234,18093,2.06,441,1.56,7.08,299,18,7,14,3.17,223.04,2.23
2026-04-04,Instagram,Festival Offer Prospecting,Festival Offer Prospecting - C,Sales,purchase,Metro,18-24,Women,Mobile,Image,Buy Now,3592,2860.34,57533,39936,1.97,1001,1.74,2.86,694,16,10,18,1.8,158.91,2.13
2026-04-04,Instagram,Lead Magnet DM Campaign,Lead Magnet DM Campaign - A,Leads,lead,Tier 2,25-34,Women,Mobile,Story,Send Message,2617,2046.52,41614,26897,2.56,777,1.87,2.63,583,62,49,57,7.34,35.9,2.98
2026-04-04,Instagram,Lead Magnet DM Campaign,Lead Magnet DM Campaign - B,Leads,lead,Metro,25-34,Women,Mobile,Story,Sign Up,4503,3598.33,73596,58838,1.46,1889,2.57,1.9,1454,130,72,106,5.61,33.95,2.81
2026-04-04,Instagram,Lead Magnet DM Campaign,Lead Magnet DM Campaign - C,Leads,lead,Tier 1,35-44,Men,Mobile,Image,Sign Up,4427,3934.74,44287,33087,1.68,1186,2.68,3.32,891,73,35,64,5.4,61.48,2.24
2026-04-05,Instagram,Summer Sale Prospecting,Summer Sale Prospecting - A,Sales,purchase,Tier 2,25-34,Women,Mobile,Story,Shop Now,2972,2613.75,19018,13379,1.73,214,1.13,12.21,159,6,2,5,2.34,522.75,1.64
2026-04-05,Instagram,Summer Sale Prospecting,Summer Sale Prospecting - B,Sales,purchase,Metro,35-44,Men,Mobile,Story,Buy Now,4943,4169.5,66356,54131,1.6,793,1.2,5.26,595,18,14,20,2.52,208.47,2.23
2026-04-05,Instagram,Summer Sale Prospecting,Summer Sale Prospecting - C,Sales,purchase,Tier 2,18-24,Women,Mobile,Image,Learn More,4077,3616.71,38710,28900,2.17,520,1.34,6.96,356,12,7,11,2.12,328.79,1.4
2026-04-05,Instagram,Retargeting Add to Cart,Retargeting Add to Cart - A,Sales,purchase,Tier 2,35-44,Men,Mobile,Reels,Shop Now,3629,3710.78,86315,69564,2.13,3271,3.79,1.13,2153,142,110,126,3.85,29.45,3.67
2026-04-05,Instagram,Retargeting Add to Cart,Retargeting Add to Cart - B,Sales,purchase,Metro,35-44,Men,Mobile,Reels,Buy Now,3266,3030.49,71942,47547,1.36,2155,3.0,1.41,1719,82,29,64,2.97,47.35,3.92
2026-04-05,Instagram,Retargeting Add to Cart,Retargeting Add to Cart - C,Sales,purchase,Metro,35-44,Women,Mobile,Image,Buy Now,2730,2793.35,59327,37782,1.4,2161,3.64,1.29,1326,114,61,116,5.37,24.08,3.63
2026-04-05,Instagram,Influencer Reel Push,Influencer Reel Push - A,Engagement,engagement,Tier 1,25-34,Men,Desktop,Reels,Learn More,3785,2900.93,78374,58076,1.74,1243,1.59,2.33,953,17,11,223,1.53,152.68,0.9
2026-04-05,Instagram,Influencer Reel Push,Influencer Reel Push - B,Engagement,engagement,Tier 2,25-34,Women,Desktop,Video,Learn More,5244,4856.58,72761,45214,1.25,1579,2.17,3.08,1257,19,13,210,1.2,255.61,0.74
2026-04-05,Instagram,Influencer Reel Push,Influencer Reel Push - C,Engagement,engagement,Tier 1,18-24,Women,Mobile,Story,Watch More,4809,4993.29,42696,34459,1.44,630,1.48,7.93,417,8,8,126,1.43,554.81,0.92
2026-04-05,Instagram,Festival Offer Prospecting,Festival Offer Prospecting - A,Sales,purchase,Tier 1,35-44,Women,Mobile,Image,Learn More,3662,3260.9,73066,55156,2.2,910,1.25,3.58,593,30,16,23,2.53,141.78,2.34
2026-04-05,Instagram,Festival Offer Prospecting,Festival Offer Prospecting - B,Sales,purchase,Tier 2,25-34,Women,Mobile,Image,Buy Now,3420,3139.19,53000,39248,1.45,1001,1.89,3.14,599,22,14,17,1.7,184.66,2.97
2026-04-05,Instagram,Festival Offer Prospecting,Festival Offer Prospecting - C,Sales,purchase,Tier 1,25-34,Men,Desktop,Carousel,Buy Now,4365,3752.52,41399,27453,1.24,402,0.97,9.33,245,7,5,7,1.74,536.07,2.88
2026-04-05,Instagram,Lead Magnet DM Campaign,Lead Magnet DM Campaign - A,Leads,lead,Metro,35-44,Women,Mobile,Story,Sign Up,2799,2929.49,79929,51478,2.17,1527,1.91,1.92,1172,145,91,105,6.88,27.9,2.95
2026-04-05,Instagram,Lead Magnet DM Campaign,Lead Magnet DM Campaign - B,Leads,lead,Tier 2,35-44,Women,Mobile,Story,Learn More,2520,2047.16,19425,16285,1.24,397,2.04,5.16,237,19,10,16,4.03,127.95,2.34
2026-04-05,Instagram,Lead Magnet DM Campaign,Lead Magnet DM Campaign - C,Leads,lead,Metro,25-34,Men,Mobile,Image,Learn More,2297,2256.0,29596,22377,1.78,449,1.52,5.02,351,20,17,20,4.45,112.8,1.4
2026-04-06,Instagram,Summer Sale Prospecting,Summer Sale Prospecting - A,Sales,purchase,Tier 2,35-44,Men,Desktop,Image,Learn More,5593,4232.45,52599,38601,1.63,575,1.09,7.36,400,14,6,12,2.09,352.7,1.62
2026-04-06,Instagram,Summer Sale Prospecting,Summer Sale Prospecting - B,Sales,purchase,Tier 1,25-34,Women,Mobile,Reels,Buy Now,3151,3227.54,89532,77236,1.39,1120,1.25,2.88,790,21,14,21,1.88,153.69,1.74
2026-04-06,Instagram,Summer Sale Prospecting,Summer Sale Prospecting - C,Sales,purchase,Tier 1,25-34,Men,Mobile,Story,Learn More,5636,4523.52,61828,41704,2.66,932,1.51,4.85,617,22,14,21,2.25,215.41,1.99
2026-04-06,Instagram,Retargeting Add to Cart,Retargeting Add to Cart - A,Sales,purchase,Metro,25-34,Women,Mobile,Reels,Shop Now,2670,2352.69,72492,46216,2.66,1853,2.56,1.27,1380,106,77,88,4.75,26.74,4.35
2026-04-06,Instagram,Retargeting Add to Cart,Retargeting Add to Cart - B,Sales,purchase,Metro,35-44,Women,Desktop,Carousel,Shop Now,2117,1754.31,74129,63597,2.15,2345,3.16,0.75,1322,115,72,101,4.31,17.37,2.74
2026-04-06,Instagram,Retargeting Add to Cart,Retargeting Add to Cart - C,Sales,purchase,Metro,25-34,Women,Desktop,Carousel,Buy Now,3169,2813.77,89666,61875,1.32,3232,3.6,0.87,1845,102,100,114,3.53,24.68,5.48
2026-04-06,Instagram,Influencer Reel Push,Influencer Reel Push - A,Engagement,engagement,Tier 1,18-24,Men,Desktop,Story,Learn More,6706,6785.69,35491,24976,2.37,796,2.24,8.52,611,8,5,214,0.88,969.38,1.64
2026-04-06,Instagram,Influencer Reel Push,Influencer Reel Push - B,Engagement,engagement,Tier 2,25-34,Men,Desktop,Video,Watch More,3024,2697.3,27182,19036,1.7,480,1.77,5.62,279,2,1,59,0.42,1348.65,1.16
2026-04-06,Instagram,Influencer Reel Push,Influencer Reel Push - C,Engagement,engagement,Metro,25-34,Women,Mobile,Video,Learn More,3898,3620.78,81150,69447,1.57,1956,2.41,1.85,1139,18,15,328,1.02,181.04,0.4
2026-04-06,Instagram,Festival Offer Prospecting,Festival Offer Prospecting - A,Sales,purchase,Tier 1,25-34,Men,Desktop,Reels,Shop Now,5942,5771.8,69620,47014,2.03,976,1.4,5.91,649,33,15,25,2.56,230.87,1.04
2026-04-06,Instagram,Festival Offer Prospecting,Festival Offer Prospecting - B,Sales,purchase,Tier 1,18-24,Women,Desktop,Carousel,Shop Now,4924,3770.82,54974,47607,1.34,877,1.6,4.3,491,23,14,21,2.39,179.56,1.91
2026-04-06,Instagram,Festival Offer Prospecting,Festival Offer Prospecting - C,Sales,purchase,Metro,45-54,Women,Mobile,Carousel,Buy Now,3244,2436.26,27676,18254,1.95,344,1.24,7.08,216,5,3,4,1.16,609.07,1.67
2026-04-06,Instagram,Lead Magnet DM Campaign,Lead Magnet DM Campaign - A,Leads,lead,Tier 2,25-34,Men,Mobile,Reels,Sign Up,4917,5089.04,89691,71232,2.46,1188,1.32,4.28,682,93,71,84,7.07,60.58,1.95
2026-04-06,Instagram,Lead Magnet DM Campaign,Lead Magnet DM Campaign - B,Leads,lead,Metro,35-44,Women,Mobile,Reels,Send Message,3726,3848.29,77211,60996,2.24,1677,2.17,2.29,1197,138,66,120,7.16,32.07,2.74
2026-04-06,Instagram,Lead Magnet DM Campaign,Lead Magnet DM Campaign - C,Leads,lead,Tier 2,18-24,Men,Mobile,Story,Send Message,4999,4073.67,65948,45019,2.03,1263,1.92,3.23,898,72,35,62,4.91,65.7,2.11
2026-04-07,Instagram,Summer Sale Prospecting,Summer Sale Prospecting - A,Sales,purchase,Metro,18-24,Women,Mobile,Reels,Buy Now,5044,4680.24,48660,34304,2.13,316,0.65,14.81,181,16,6,12,3.8,390.02,1.33
2026-04-07,Instagram,Summer Sale Prospecting,Summer Sale Prospecting - B,Sales,purchase,Tier 1,25-34,Women,Mobile,Image,Buy Now,4404,3309.71,40559,31777,2.31,552,1.36,6.0,310,16,12,14,2.54,236.41,1.64
2026-04-07,Instagram,Summer Sale Prospecting,Summer Sale Prospecting - C,Sales,purchase,Tier 2,25-34,Women,Desktop,Reels,Learn More,5685,4601.2,26303,17664,1.63,319,1.21,14.42,251,10,5,8,2.51,575.15,1.95
2026-04-07,Instagram,Retargeting Add to Cart,Retargeting Add to Cart - A,Sales,purchase,Tier 2,18-24,Women,Mobile,Reels,Shop Now,3124,2491.64,84274,55212,2.61,2843,3.37,0.88,2232,134,120,147,5.17,16.95,4.91
2026-04-07,Instagram,Retargeting Add to Cart,Retargeting Add to Cart - B,Sales,purchase,Tier 2,35-44,Men,Mobile,Reels,Shop Now,2735,2672.07,33787,23658,1.61,858,2.54,3.11,516,26,16,28,3.26,95.43,4.27
2026-04-07,Instagram,Retargeting Add to Cart,Retargeting Add to Cart - C,Sales,purchase,Metro,25-34,Women,Mobile,Reels,Buy Now,3682,3238.95,62517,53930,2.54,1316,2.11,2.46,863,60,48,61,4.64,53.1,3.98
2026-04-07,Instagram,Influencer Reel Push,Influencer Reel Push - A,Engagement,engagement,Tier 1,25-34,Women,Mobile,Video,Learn More,6479,5531.54,78888,54742,2.19,1222,1.55,4.53,687,21,14,358,1.31,345.72,0.93
2026-04-07,Instagram,Influencer Reel Push,Influencer Reel Push - B,Engagement,engagement,Metro,25-34,Women,Desktop,Story,Learn More,4783,3815.31,44241,38453,1.95,685,1.55,5.57,551,8,7,140,1.31,423.92,1.08
2026-04-07,Instagram,Influencer Reel Push,Influencer Reel Push - C,Engagement,engagement,Tier 2,25-34,Women,Mobile,Reels,Watch More,4784,3980.18,67307,45562,2.72,1047,1.56,3.8,618,16,13,192,1.43,265.35,1.26
2026-04-07,Instagram,Festival Offer Prospecting,Festival Offer Prospecting - A,Sales,purchase,Tier 1,45-54,Men,Mobile,Reels,Buy Now,6111,4950.57,34982,22970,2.59,363,1.04,13.64,269,15,8,13,3.58,380.81,1.9
2026-04-07,Instagram,Festival Offer Prospecting,Festival Offer Prospecting - B,Sales,purchase,Tier 1,35-44,Women,Mobile,Image,Buy Now,2617,2588.32,45707,39438,1.67,477,1.04,5.43,379,16,6,12,2.52,215.69,1.41
2026-04-07,Instagram,Festival Offer Prospecting,Festival Offer Prospecting - C,Sales,purchase,Metro,35-44,Men,Mobile,Reels,Shop Now,3894,2995.51,80455,57640,2.13,1701,2.11,1.76,1059,79,35,61,3.59,49.11,1.21
2026-04-07,Instagram,Lead Magnet DM Campaign,Lead Magnet DM Campaign - A,Leads,lead,Tier 1,25-34,Women,Desktop,Story,Learn More,2788,2640.5,77046,50991,2.41,1577,2.05,1.67,1272,125,72,93,5.9,28.39,2.07
2026-04-07,Instagram,Lead Magnet DM Campaign,Lead Magnet DM Campaign - B,Leads,lead,Tier 1,25-34,Men,Mobile,Story,Sign Up,4445,3614.25,89319,64203,1.75,1660,1.86,2.18,1260,153,54,112,6.75,32.27,1.93
2026-04-07,Instagram,Lead Magnet DM Campaign,Lead Magnet DM Campaign - C,Leads,lead,Tier 1,25-34,Men,Mobile,Reels,Sign Up,3456,3310.7,38398,30707,2.51,1060,2.76,3.12,594,80,57,65,6.13,50.93,1.81
2026-04-08,Instagram,Summer Sale Prospecting,Summer Sale Prospecting - A,Sales,purchase,Tier 2,35-44,Women,Mobile,Image,Learn More,4242,4178.48,41289,28228,2.18,706,1.71,5.92,480,23,13,19,2.69,219.92,1.94
2026-04-08,Instagram,Summer Sale Prospecting,Summer Sale Prospecting - B,Sales,purchase,Metro,18-24,Men,Mobile,Story,Shop Now,3755,2884.24,51877,43564,1.6,832,1.6,3.47,493,24,9,18,2.16,160.24,1.59
2026-04-08,Instagram,Summer Sale Prospecting,Summer Sale Prospecting - C,Sales,purchase,Metro,25-34,Women,Mobile,Image,Buy Now,3284,3106.59,35049,30203,1.73,475,1.36,6.54,330,8,3,7,1.47,443.8,2.46
2026-04-08,Instagram,Retargeting Add to Cart,Retargeting Add to Cart - A,Sales,purchase,Tier 1,25-34,Women,Mobile,Carousel,Buy Now,1911,1984.07,45027,36397,1.87,829,1.84,2.39,645,37,24,31,3.74,64.0,3.45
2026-04-08,Instagram,Retargeting Add to Cart,Retargeting Add to Cart - B,Sales,purchase,Metro,18-24,Men,Mobile,Reels,Buy Now,3687,3567.46,80128,58517,1.98,2259,2.82,1.58,1775,201,95,149,6.6,23.94,6.6
2026-04-08,Instagram,Retargeting Add to Cart,Retargeting Add to Cart - C,Sales,purchase,Metro,18-24,Men,Desktop,Image,Buy Now,3510,3386.26,72056,59267,2.65,2346,3.26,1.44,1404,56,48,55,2.34,61.57,5.11
2026-04-08,Instagram,Influencer Reel Push,Influencer Reel Push - A,Engagement,engagement,Metro,18-24,Women,Mobile,Video,Watch More,4395,4169.92,85135,59133,1.35,1656,1.95,2.52,1202,19,11,449,1.09,231.66,1.09
2026-04-08,Instagram,Influencer Reel Push,Influencer Reel Push - B,Engagement,engagement,Tier 1,18-24,Women,Mobile,Story,Learn More,4641,3717.1,67233,56653,2.03,1215,1.81,3.06,778,18,9,181,1.15,265.51,1.53
2026-04-08,Instagram,Influencer Reel Push,Influencer Reel Push - C,Engagement,engagement,Metro,25-34,Women,Desktop,Story,Watch More,4016,3811.75,50946,33556,1.96,1261,2.48,3.02,980,23,12,345,1.43,211.76,1.0
2026-04-08,Instagram,Festival Offer Prospecting,Festival Offer Prospecting - A,Sales,purchase,Tier 2,35-44,Men,Mobile,Carousel,Buy Now,4345,3326.14,62614,49475,2.22,878,1.4,3.79,536,19,9,20,2.28,166.31,1.98
2026-04-08,Instagram,Festival Offer Prospecting,Festival Offer Prospecting - B,Sales,purchase,Tier 2,18-24,Men,Mobile,Image,Learn More,4997,3755.16,50057,30661,2.72,786,1.57,4.78,567,18,9,14,1.78,268.23,2.81
2026-04-08,Instagram,Festival Offer Prospecting,Festival Offer Prospecting - C,Sales,purchase,Tier 1,25-34,Women,Mobile,Reels,Shop Now,3583,2665.6,37911,31167,2.7,269,0.71,9.91,201,11,6,12,4.46,222.13,2.2
2026-04-08,Instagram,Lead Magnet DM Campaign,Lead Magnet DM Campaign - A,Leads,lead,Metro,35-44,Men,Mobile,Reels,Send Message,1810,1367.01,30577,22867,1.59,551,1.8,2.48,426,49,29,37,6.72,36.95,1.74
2026-04-08,Instagram,Lead Magnet DM Campaign,Lead Magnet DM Campaign - B,Leads,lead,Tier 1,35-44,Men,Mobile,Story,Learn More,2980,2831.27,62055,39691,2.12,1432,2.31,1.98,922,77,57,79,5.52,35.84,2.97
2026-04-08,Instagram,Lead Magnet DM Campaign,Lead Magnet DM Campaign - C,Leads,lead,Tier 1,35-44,Men,Mobile,Story,Sign Up,2883,2511.79,54882,34533,1.72,1449,2.64,1.73,1058,99,60,76,5.24,33.05,2.18
2026-04-09,Instagram,Summer Sale Prospecting,Summer Sale Prospecting - A,Sales,purchase,Metro,18-24,Men,Mobile,Reels,Shop Now,4730,4067.51,66924,50997,1.83,743,1.11,5.47,548,21,13,20,2.69,203.38,1.65
2026-04-09,Instagram,Summer Sale Prospecting,Summer Sale Prospecting - B,Sales,purchase,Tier 1,35-44,Men,Desktop,Image,Learn More,3179,2861.52,75233,49182,2.07,758,1.01,3.78,611,11,7,9,1.19,317.95,2.0
2026-04-09,Instagram,Summer Sale Prospecting,Summer Sale Prospecting - C,Sales,purchase,Tier 1,25-34,Men,Desktop,Story,Buy Now,3009,2990.63,88770,57927,2.35,1089,1.23,2.75,879,12,7,14,1.29,213.62,0.95
2026-04-09,Instagram,Retargeting Add to Cart,Retargeting Add to Cart - A,Sales,purchase,Metro,18-24,Men,Mobile,Reels,Buy Now,3293,3079.63,61881,50180,2.04,1623,2.62,1.9,1186,110,55,81,4.99,38.02,4.33
2026-04-09,Instagram,Retargeting Add to Cart,Retargeting Add to Cart - B,Sales,purchase,Metro,35-44,Men,Mobile,Reels,Shop Now,1605,1262.44,58596,43187,1.49,1300,2.22,0.97,954,60,41,61,4.69,20.7,5.28
2026-04-09,Instagram,Retargeting Add to Cart,Retargeting Add to Cart - C,Sales,purchase,Metro,18-24,Women,Mobile,Reels,Buy Now,3860,2995.79,39611,29077,2.51,942,2.38,3.18,613,53,23,46,4.88,65.13,4.22
2026-04-09,Instagram,Influencer Reel Push,Influencer Reel Push - A,Engagement,engagement,Tier 2,25-34,Women,Desktop,Video,Watch More,3743,3204.11,46401,29000,1.58,1366,2.94,2.35,1039,18,14,252,1.32,178.01,1.42
2026-04-09,Instagram,Influencer Reel Push,Influencer Reel Push - B,Engagement,engagement,Tier 1,25-34,Men,Desktop,Reels,Learn More,4425,4472.69,79174,62458,1.96,1185,1.5,3.77,823,14,8,173,1.27,298.18,1.69
2026-04-09,Instagram,Influencer Reel Push,Influencer Reel Push - C,Engagement,engagement,Tier 1,25-34,Men,Desktop,Story,Watch More,5841,6111.65,72784,52048,1.42,1493,2.05,4.09,1101,12,7,363,0.74,555.6,0.73
2026-04-09,Instagram,Festival Offer Prospecting,Festival Offer Prospecting - A,Sales,purchase,Metro,35-44,Women,Mobile,Carousel,Learn More,2860,2422.45,88379,70933,1.56,1514,1.71,1.6,977,52,38,56,3.7,43.26,1.9
2026-04-09,Instagram,Festival Offer Prospecting,Festival Offer Prospecting - B,Sales,purchase,Tier 2,45-54,Women,Mobile,Image,Learn More,5193,4937.74,60113,45661,2.79,954,1.59,5.18,695,14,9,12,1.26,411.48,2.42
2026-04-09,Instagram,Festival Offer Prospecting,Festival Offer Prospecting - C,Sales,purchase,Tier 2,45-54,Men,Mobile,Image,Buy Now,5050,4931.08,57828,39406,1.47,714,1.23,6.91,471,18,13,17,2.38,290.06,2.04
2026-04-09,Instagram,Lead Magnet DM Campaign,Lead Magnet DM Campaign - A,Leads,lead,Metro,35-44,Women,Mobile,Story,Learn More,2979,3121.23,70922,57838,2.68,1552,2.19,2.01,1079,136,70,103,6.64,30.3,2.32
2026-04-09,Instagram,Lead Magnet DM Campaign,Lead Magnet DM Campaign - B,Leads,lead,Metro,35-44,Women,Mobile,Reels,Send Message,4707,4105.78,25699,16676,1.26,459,1.79,8.95,290,29,17,29,6.32,141.58,2.73
2026-04-09,Instagram,Lead Magnet DM Campaign,Lead Magnet DM Campaign - C,Leads,lead,Metro,18-24,Men,Mobile,Story,Sign Up,2264,1807.87,51035,32164,2.46,607,1.19,2.98,428,48,25,41,6.75,44.09,1.15
2026-04-10,Instagram,Summer Sale Prospecting,Summer Sale Prospecting - A,Sales,purchase,Tier 1,25-34,Men,Desktop,Story,Shop Now,4584,4430.1,75631,53402,1.43,336,0.44,13.18,204,7,3,6,1.79,738.35,1.87
2026-04-10,Instagram,Summer Sale Prospecting,Summer Sale Prospecting - B,Sales,purchase,Metro,18-24,Men,Mobile,Image,Buy Now,4757,4262.84,44984,27916,2.17,635,1.41,6.71,480,12,8,13,2.05,327.91,2.65
2026-04-10,Instagram,Summer Sale Prospecting,Summer Sale Prospecting - C,Sales,purchase,Metro,25-34,Women,Mobile,Image,Learn More,2785,2893.43,32347,26566,2.08,284,0.88,10.19,230,5,2,5,1.76,578.69,1.53
2026-04-10,Instagram,Retargeting Add to Cart,Retargeting Add to Cart - A,Sales,purchase,Tier 1,35-44,Men,Mobile,Reels,Buy Now,2658,2453.56,33268,28707,1.78,258,0.78,9.51,168,14,6,12,4.65,204.46,3.05
2026-04-10,Instagram,Retargeting Add to Cart,Retargeting Add to Cart - B,Sales,purchase,Metro,25-34,Women,Desktop,Reels,Buy Now,3329,2667.19,40032,29323,1.32,1098,2.74,2.43,835,27,14,27,2.46,98.78,5.11
2026-04-10,Instagram,Retargeting Add to Cart,Retargeting Add to Cart - C,Sales,purchase,Tier 2,35-44,Women,Desktop,Image,Shop Now,2818,2372.41,58108,39865,2.2,2008,3.46,1.18,1390,145,66,131,6.52,18.11,4.39
2026-04-10,Instagram,Influencer Reel Push,Influencer Reel Push - A,Engagement,engagement,Metro,25-34,Men,Mobile,Video,Learn More,3178,2552.14,41715,29993,1.82,726,1.74,3.52,588,11,5,133,1.52,232.01,0.78
2026-04-10,Instagram,Influencer Reel Push,Influencer Reel Push - B,Engagement,engagement,Tier 2,18-24,Women,Mobile,Story,Learn More,5028,4134.83,75428,65245,2.76,1489,1.97,2.78,1141,34,16,181,1.68,165.39,1.26
2026-04-10,Instagram,Influencer Reel Push,Influencer Reel Push - C,Engagement,engagement,Tier 2,18-24,Women,Mobile,Video,Watch More,6580,4028.5,52487,34560,1.8,481,0.92,8.38,315,10,7,133,1.87,447.61,1.09
2026-04-10,Instagram,Festival Offer Prospecting,Festival Offer Prospecting - A,Sales,purchase,Tier 2,25-34,Women,Desktop,Carousel,Buy Now,4179,4113.6,35281,27638,2.52,680,1.93,6.05,464,12,7,11,1.62,373.96,1.8
2026-04-10,Instagram,Festival Offer Prospecting,Festival Offer Prospecting - B,Sales,purchase,Metro,35-44,Men,Mobile,Reels,Buy Now,5161,4663.82,62684,41274,2.29,1026,1.64,4.55,575,21,17,23,2.24,202.77,1.93
2026-04-10,Instagram,Festival Offer Prospecting,Festival Offer Prospecting - C,Sales,purchase,Tier 1,45-54,Men,Mobile,Image,Learn More,5067,4426.73,79027,59534,2.08,947,1.2,4.67,733,29,20,32,3.38,138.34,1.34
2026-04-10,Instagram,Lead Magnet DM Campaign,Lead Magnet DM Campaign - A,Leads,lead,Tier 1,25-34,Men,Desktop,Image,Send Message,2761,2241.12,50144,37393,1.39,1111,2.22,2.02,795,63,36,49,4.41,45.74,2.65
2026-04-10,Instagram,Lead Magnet DM Campaign,Lead Magnet DM Campaign - B,Leads,lead,Tier 1,35-44,Men,Mobile,Reels,Send Message,2203,2086.12,84519,54322,1.4,1588,1.88,1.31,1018,130,52,96,6.05,21.73,3.62
2026-04-10,Instagram,Lead Magnet DM Campaign,Lead Magnet DM Campaign - C,Leads,lead,Metro,18-24,Women,Mobile,Reels,Sign Up,1918,1827.46,17461,10817,1.99,283,1.62,6.46,156,8,4,6,2.12,304.58,1.81
2026-04-11,Instagram,Summer Sale Prospecting,Summer Sale Prospecting - A,Sales,purchase,Tier 1,35-44,Men,Mobile,Reels,Shop Now,3500,3652.32,43044,34147,2.4,612,1.42,5.97,428,9,4,10,1.63,365.23,0.94
2026-04-11,Instagram,Summer Sale Prospecting,Summer Sale Prospecting - B,Sales,purchase,Tier 1,25-34,Men,Mobile,Reels,Learn More,2823,2228.81,63908,51856,2.36,982,1.54,2.27,756,14,9,14,1.43,159.2,0.91
2026-04-11,Instagram,Summer Sale Prospecting,Summer Sale Prospecting - C,Sales,purchase,Tier 1,25-34,Women,Desktop,Image,Shop Now,3451,3173.22,23706,18252,2.3,319,1.35,9.95,250,8,5,7,2.19,453.32,2.03
2026-04-11,Instagram,Retargeting Add to Cart,Retargeting Add to Cart - A,Sales,purchase,Tier 1,18-24,Women,Desktop,Image,Buy Now,2678,2597.45,83056,58181,2.19,2245,2.7,1.16,1348,67,50,63,2.81,41.23,2.99
2026-04-11,Instagram,Retargeting Add to Cart,Retargeting Add to Cart - B,Sales,purchase,Metro,25-34,Women,Mobile,Image,Buy Now,2524,2406.67,34873,22802,2.41,943,2.7,2.55,733,47,28,42,4.45,57.3,4.42
2026-04-11,Instagram,Retargeting Add to Cart,Retargeting Add to Cart - C,Sales,purchase,Metro,25-34,Men,Mobile,Reels,Buy Now,2471,2143.49,81549,56375,1.86,2119,2.6,1.01,1563,61,49,68,3.21,31.52,4.39
2026-04-11,Instagram,Influencer Reel Push,Influencer Reel Push - A,Engagement,engagement,Tier 1,25-34,Women,Desktop,Story,Watch More,6399,6187.97,83099,59142,1.37,1932,2.32,3.2,1180,23,9,381,0.98,325.68,0.87
2026-04-11,Instagram,Influencer Reel Push,Influencer Reel Push - B,Engagement,engagement,Tier 2,25-34,Men,Mobile,Reels,Learn More,6411,6317.84,64815,49209,2.33,1635,2.52,3.86,1247,32,18,211,1.71,225.64,1.21
2026-04-11,Instagram,Influencer Reel Push,Influencer Reel Push - C,Engagement,engagement,Metro,25-34,Men,Mobile,Story,Watch More,5607,5884.57,40051,26386,2.69,591,1.48,9.96,427,3,2,151,0.51,1961.52,1.07
2026-04-11,Instagram,Festival Offer Prospecting,Festival Offer Prospecting - A,Sales,purchase,Tier 1,18-24,Women,Mobile,Carousel,Shop Now,6200,4631.5,29472,18134,2.1,417,1.41,11.11,339,6,5,7,1.68,661.64,2.54
2026-04-11,Instagram,Festival Offer Prospecting,Festival Offer Prospecting - B,Sales,purchase,Metro,35-44,Women,Mobile,Carousel,Shop Now,5499,5531.0,38284,32497,1.56,816,2.13,6.78,531,33,19,30,3.68,184.37,2.1
2026-04-11,Instagram,Festival Offer Prospecting,Festival Offer Prospecting - C,Sales,purchase,Tier 2,35-44,Men,Mobile,Carousel,Shop Now,3041,2733.67,44309,29266,1.9,779,1.76,3.51,581,23,9,18,2.31,151.87,2.71
2026-04-11,Instagram,Lead Magnet DM Campaign,Lead Magnet DM Campaign - A,Leads,lead,Tier 2,25-34,Men,Desktop,Reels,Send Message,3773,3149.79,60603,52392,1.27,1000,1.65,3.15,559,67,37,65,6.5,48.46,3.27
2026-04-11,Instagram,Lead Magnet DM Campaign,Lead Magnet DM Campaign - B,Leads,lead,Metro,18-24,Men,Desktop,Image,Learn More,2108,1602.26,56800,40752,1.3,915,1.61,1.75,727,22,15,23,2.51,69.66,2.95
2026-04-11,Instagram,Lead Magnet DM Campaign,Lead Magnet DM Campaign - C,Leads,lead,Metro,25-34,Women,Desktop,Image,Send Message,4082,3574.35,80428,68383,1.62,989,1.23,3.61,739,57,23,41,4.15,87.18,2.55
2026-04-12,Instagram,Summer Sale Prospecting,Summer Sale Prospecting - A,Sales,purchase,Tier 1,35-44,Women,Mobile,Story,Buy Now,4009,3427.1,77292,53148,1.38,670,0.87,5.12,395,15,8,15,2.24,228.47,2.57
2026-04-12,Instagram,Summer Sale Prospecting,Summer Sale Prospecting - B,Sales,purchase,Tier 1,25-34,Women,Mobile,Image,Learn More,2943,2686.26,22521,16657,2.47,283,1.26,9.49,197,8,3,7,2.47,383.75,1.62
2026-04-12,Instagram,Summer Sale Prospecting,Summer Sale Prospecting - C,Sales,purchase,Metro,25-34,Men,Desktop,Story,Buy Now,5152,5196.29,83673,69798,1.94,944,1.13,5.5,710,26,20,25,2.65,207.85,1.25
2026-04-12,Instagram,Retargeting Add to Cart,Retargeting Add to Cart - A,Sales,purchase,Metro,18-24,Women,Mobile,Image,Shop Now,1977,1678.6,33708,27352,2.41,872,2.59,1.92,601,29,24,29,3.33,57.88,3.77
2026-04-12,Instagram,Retargeting Add to Cart,Retargeting Add to Cart - B,Sales,purchase,Tier 2,18-24,Women,Mobile,Image,Buy Now,2461,2435.17,38648,28726,1.8,1003,2.6,2.43,673,25,11,23,2.29,105.88,3.73
2026-04-12,Instagram,Retargeting Add to Cart,Retargeting Add to Cart - C,Sales,purchase,Tier 1,25-34,Men,Mobile,Image,Shop Now,3199,3165.01,72828,49634,1.83,1347,1.85,2.35,1073,64,28,55,4.08,57.55,3.13
2026-04-12,Instagram,Influencer Reel Push,Influencer Reel Push - A,Engagement,engagement,Tier 1,18-24,Men,Mobile,Reels,Learn More,3889,3113.75,80794,50540,2.01,1811,2.24,1.72,1288,23,15,446,1.44,119.76,0.98
2026-04-12,Instagram,Influencer Reel Push,Influencer Reel Push - B,Engagement,engagement,Metro,18-24,Men,Mobile,Video,Watch More,3248,3394.92,69400,51071,2.27,1077,1.55,3.15,776,15,13,199,1.49,212.18,1.41
2026-04-12,Instagram,Influencer Reel Push,Influencer Reel Push - C,Engagement,engagement,Tier 1,18-24,Women,Mobile,Video,Watch More,5628,5669.95,47994,38589,2.51,1120,2.33,5.06,779,28,13,217,2.05,246.52,1.19
2026-04-12,Instagram,Festival Offer Prospecting,Festival Offer Prospecting - A,Sales,purchase,Tier 1,18-24,Men,Mobile,Reels,Shop Now,5723,4123.42,24346,15312,1.59,350,1.44,11.78,203,11,9,12,3.43,343.62,0.88
2026-04-12,Instagram,Festival Offer Prospecting,Festival Offer Prospecting - B,Sales,purchase,Tier 2,35-44,Men,Mobile,Reels,Shop Now,5830,5458.5,48866,33116,1.76,890,1.82,6.13,691,23,18,21,2.36,259.93,2.3
2026-04-12,Instagram,Festival Offer Prospecting,Festival Offer Prospecting - C,Sales,purchase,Tier 2,25-34,Men,Mobile,Image,Shop Now,6016,5742.28,89663,77838,1.47,1041,1.16,5.52,756,39,13,28,2.69,205.08,2.59
2026-04-12,Instagram,Lead Magnet DM Campaign,Lead Magnet DM Campaign - A,Leads,lead,Metro,18-24,Men,Mobile,Story,Send Message,2339,2040.76,86906,56742,2.41,1804,2.08,1.13,1432,89,71,88,4.88,23.19,2.77
2026-04-12,Instagram,Lead Magnet DM Campaign,Lead Magnet DM Campaign - B,Leads,lead,Metro,25-34,Women,Desktop,Image,Send Message,2014,1840.78,80677,50987,1.81,2156,2.67,0.85,1754,135,90,142,6.59,12.96,1.61
2026-04-12,Instagram,Lead Magnet DM Campaign,Lead Magnet DM Campaign - C,Leads,lead,Tier 1,35-44,Men,Mobile,Reels,Learn More,3636,3489.81,30282,19374,2.54,629,2.08,5.55,512,50,29,42,6.68,83.09,2.97
2026-04-13,Instagram,Summer Sale Prospecting,Summer Sale Prospecting - A,Sales,purchase,Metro,35-44,Women,Mobile,Story,Buy Now,5019,3867.15,65085,53783,1.62,892,1.37,4.34,501,34,16,29,3.25,133.35,2.44
2026-04-13,Instagram,Summer Sale Prospecting,Summer Sale Prospecting - B,Sales,purchase,Tier 2,25-34,Women,Desktop,Reels,Learn More,2749,2612.49,65139,41328,2.15,927,1.42,2.82,733,12,6,13,1.4,200.96,1.66
2026-04-13,Instagram,Summer Sale Prospecting,Summer Sale Prospecting - C,Sales,purchase,Tier 2,25-34,Men,Mobile,Reels,Shop Now,2801,2582.54,80087,51850,2.25,1137,1.42,2.27,702,18,12,18,1.58,143.47,1.41
2026-04-13,Instagram,Retargeting Add to Cart,Retargeting Add to Cart - A,Sales,purchase,Metro,25-34,Women,Desktop,Reels,Buy Now,3897,3122.18,41649,33794,2.72,1219,2.93,2.56,816,106,60,82,6.73,38.08,3.7
2026-04-13,Instagram,Retargeting Add to Cart,Retargeting Add to Cart - B,Sales,purchase,Tier 1,18-24,Men,Desktop,Carousel,Shop Now,3570,3695.52,23770,16103,2.16,530,2.23,6.97,397,29,19,26,4.91,142.14,3.16
2026-04-13,Instagram,Retargeting Add to Cart,Retargeting Add to Cart - C,Sales,purchase,Tier 2,25-34,Women,Desktop,Image,Buy Now,3349,2789.87,19378,15883,2.75,528,2.72,5.28,337,25,11,22,4.17,126.81,1.7
2026-04-13,Instagram,Influencer Reel Push,Influencer Reel Push - A,Engagement,engagement,Metro,25-34,Women,Mobile,Video,Learn More,5988,4579.92,69245,43907,2.53,777,1.12,5.89,604,11,7,145,1.42,416.36,0.7
2026-04-13,Instagram,Influencer Reel Push,Influencer Reel Push - B,Engagement,engagement,Tier 2,18-24,Women,Desktop,Reels,Watch More,5813,5894.14,48623,34343,2.12,767,1.58,7.68,427,6,2,145,0.65,1178.83,1.33
2026-04-13,Instagram,Influencer Reel Push,Influencer Reel Push - C,Engagement,engagement,Tier 1,25-34,Men,Mobile,Story,Watch More,3395,3385.28,87124,66777,2.73,2148,2.47,1.58,1657,18,14,236,0.93,169.26,1.31
2026-04-13,Instagram,Festival Offer Prospecting,Festival Offer Prospecting - A,Sales,purchase,Metro,35-44,Men,Mobile,Carousel,Learn More,5244,4123.4,39995,29969,1.87,841,2.1,4.9,633,24,12,26,3.09,158.59,1.55
2026-04-13,Instagram,Festival Offer Prospecting,Festival Offer Prospecting - B,Sales,purchase,Metro,35-44,Women,Mobile,Reels,Learn More,6466,6010.84,66649,41811,2.0,1127,1.69,5.33,662,24,13,26,2.31,231.19,2.58
2026-04-13,Instagram,Festival Offer Prospecting,Festival Offer Prospecting - C,Sales,purchase,Tier 1,25-34,Men,Mobile,Carousel,Learn More,3133,2483.34,48154,33983,1.22,803,1.67,3.09,533,13,8,13,1.62,191.03,2.84
2026-04-13,Instagram,Lead Magnet DM Campaign,Lead Magnet DM Campaign - A,Leads,lead,Tier 1,35-44,Women,Mobile,Reels,Learn More,2270,1748.39,87982,56458,1.82,1670,1.9,1.05,1302,112,49,102,6.11,17.14,1.86
2026-04-13,Instagram,Lead Magnet DM Campaign,Lead Magnet DM Campaign - B,Leads,lead,Tier 2,35-44,Women,Mobile,Story,Sign Up,4294,3966.71,32858,23895,2.41,924,2.81,4.29,532,76,25,57,6.17,69.59,2.79
2026-04-13,Instagram,Lead Magnet DM Campaign,Lead Magnet DM Campaign - C,Leads,lead,Metro,18-24,Men,Desktop,Image,Learn More,3191,2529.76,55603,40726,2.62,1139,2.05,2.22,732,64,30,66,5.79,38.33,1.01
2026-04-14,Instagram,Summer Sale Prospecting,Summer Sale Prospecting - A,Sales,purchase,Metro,35-44,Men,Mobile,Reels,Buy Now,2785,2654.48,62498,47868,2.17,995,1.59,2.67,645,28,25,28,2.81,94.8,1.52
2026-04-14,Instagram,Summer Sale Prospecting,Summer Sale Prospecting - B,Sales,purchase,Metro,25-34,Women,Mobile,Story,Buy Now,4040,3674.68,57359,35002,1.42,1013,1.77,3.63,584,17,14,17,1.68,216.16,1.14
2026-04-14,Instagram,Summer Sale Prospecting,Summer Sale Prospecting - C,Sales,purchase,Tier 2,35-44,Women,Mobile,Reels,Shop Now,5681,4458.69,68161,42599,2.73,456,0.67,9.78,289,6,3,5,1.1,891.74,1.42
2026-04-14,Instagram,Retargeting Add to Cart,Retargeting Add to Cart - A,Sales,purchase,Tier 1,25-34,Women,Desktop,Image,Buy Now,1703,1549.18,18236,13129,1.47,314,1.72,4.93,193,9,4,7,2.23,221.31,1.86
2026-04-14,Instagram,Retargeting Add to Cart,Retargeting Add to Cart - B,Sales,purchase,Metro,35-44,Women,Mobile,Image,Shop Now,3196,3193.46,77443,61098,2.07,2462,3.18,1.3,1463,165,125,139,5.65,22.97,2.54
2026-04-14,Instagram,Retargeting Add to Cart,Retargeting Add to Cart - C,Sales,purchase,Metro,35-44,Women,Mobile,Carousel,Buy Now,3929,3330.8,35219,27086,2.47,1066,3.03,3.12,719,53,21,42,3.94,79.3,3.18
2026-04-14,Instagram,Influencer Reel Push,Influencer Reel Push - A,Engagement,engagement,Metro,18-24,Men,Mobile,Video,Learn More,3031,3064.31,41421,29237,1.41,830,2.0,3.69,633,11,9,128,1.45,255.36,1.53
2026-04-14,Instagram,Influencer Reel Push,Influencer Reel Push - B,Engagement,engagement,Metro,25-34,Women,Mobile,Video,Watch More,3491,3132.91,87702,67399,2.04,1529,1.74,2.05,1073,12,7,433,0.72,284.81,1.21
2026-04-14,Instagram,Influencer Reel Push,Influencer Reel Push - C,Engagement,engagement,Metro,18-24,Women,Mobile,Video,Watch More,3295,3226.99,36083,23074,2.12,870,2.41,3.71,703,7,3,235,0.8,461.0,1.36
2026-04-14,Instagram,Festival Offer Prospecting,Festival Offer Prospecting - A,Sales,purchase,Tier 1,45-54,Men,Mobile,Carousel,Buy Now,4858,4993.61,40518,27689,1.23,784,1.93,6.37,532,22,13,18,2.3,277.42,2.5
2026-04-14,Instagram,Festival Offer Prospecting,Festival Offer Prospecting - B,Sales,purchase,Metro,35-44,Women,Mobile,Reels,Buy Now,4159,3151.78,26944,20896,2.73,326,1.21,9.67,180,12,6,9,2.76,350.2,1.31
2026-04-14,Instagram,Festival Offer Prospecting,Festival Offer Prospecting - C,Sales,purchase,Tier 1,18-24,Women,Mobile,Reels,Buy Now,2860,2850.21,57727,35665,2.49,749,1.3,3.81,590,28,11,23,3.07,123.92,2.36
2026-04-14,Instagram,Lead Magnet DM Campaign,Lead Magnet DM Campaign - A,Leads,lead,Tier 2,35-44,Women,Mobile,Reels,Send Message,3421,3129.32,16381,12571,2.21,499,3.05,6.27,352,28,10,23,4.61,136.06,1.8
2026-04-14,Instagram,Lead Magnet DM Campaign,Lead Magnet DM Campaign - B,Leads,lead,Tier 1,35-44,Women,Mobile,Reels,Sign Up,3890,3163.87,61092,41183,2.58,1103,1.81,2.87,726,75,37,72,6.53,43.94,2.89
2026-04-14,Instagram,Lead Magnet DM Campaign,Lead Magnet DM Campaign - C,Leads,lead,Metro,25-34,Women,Mobile,Image,Send Message,2767,2372.27,50596,34851,2.24,1433,2.83,1.66,835,125,62,93,6.49,25.51,2.66
2026-04-15,Instagram,Summer Sale Prospecting,Summer Sale Prospecting - A,Sales,purchase,Tier 2,35-44,Women,Desktop,Image,Buy Now,3225,2866.87,15159,10727,1.58,281,1.85,10.2,177,3,2,3,1.07,955.62,1.68
2026-04-15,Instagram,Summer Sale Prospecting,Summer Sale Prospecting - B,Sales,purchase,Tier 2,35-44,Men,Mobile,Image,Learn More,5289,3391.52,22016,14443,1.2,218,0.99,15.56,149,5,3,6,2.75,565.25,1.92
2026-04-15,Instagram,Summer Sale Prospecting,Summer Sale Prospecting - C,Sales,purchase,Metro,25-34,Women,Mobile,Story,Learn More,3118,3111.81,85812,53119,1.41,945,1.1,3.29,663,25,13,19,2.01,163.78,1.25
2026-04-15,Instagram,Retargeting Add to Cart,Retargeting Add to Cart - A,Sales,purchase,Metro,25-34,Women,Mobile,Carousel,Shop Now,2941,2703.92,47441,40508,2.69,704,1.48,3.84,547,24,10,20,2.84,135.2,4.24
2026-04-15,Instagram,Retargeting Add to Cart,Retargeting Add to Cart - B,Sales,purchase,Metro,18-24,Men,Desktop,Reels,Buy Now,2675,2090.81,69040,53147,2.45,2198,3.18,0.95,1591,81,53,88,4.0,23.76,3.01
2026-04-15,Instagram,Retargeting Add to Cart,Retargeting Add to Cart - C,Sales,purchase,Tier 1,35-44,Men,Mobile,Image,Shop Now,3877,3648.6,20355,17677,1.5,570,2.8,6.4,398,33,23,30,5.26,121.62,1.62
2026-04-15,Instagram,Influencer Reel Push,Influencer Reel Push - A,Engagement,engagement,Tier 1,18-24,Men,Mobile,Video,Watch More,5478,5107.28,42747,28710,1.67,949,2.22,5.38,556,12,7,154,1.05,510.73,1.46
2026-04-15,Instagram,Influencer Reel Push,Influencer Reel Push - B,Engagement,engagement,Metro,18-24,Women,Desktop,Story,Learn More,5925,4520.19,89083,74692,2.27,1126,1.26,4.01,869,25,13,135,1.78,226.01,1.28
2026-04-15,Instagram,Influencer Reel Push,Influencer Reel Push - C,Engagement,engagement,Tier 1,18-24,Women,Desktop,Video,Learn More,5146,4369.33,39472,26000,2.65,518,1.31,8.44,322,8,5,56,1.35,624.19,1.12
2026-04-15,Instagram,Festival Offer Prospecting,Festival Offer Prospecting - A,Sales,purchase,Metro,18-24,Men,Mobile,Reels,Buy Now,5672,2854.5,17745,11241,1.32,360,2.03,7.93,235,7,3,7,1.94,407.79,1.84
2026-04-15,Instagram,Festival Offer Prospecting,Festival Offer Prospecting - B,Sales,purchase,Metro,45-54,Women,Mobile,Reels,Learn More,3850,3546.6,66955,45518,2.11,530,0.79,6.69,386,11,8,10,1.89,354.66,1.59
2026-04-15,Instagram,Festival Offer Prospecting,Festival Offer Prospecting - C,Sales,purchase,Metro,25-34,Men,Desktop,Carousel,Learn More,3865,3360.24,43151,31291,1.68,731,1.69,4.6,415,28,15,28,3.83,120.01,2.58
2026-04-15,Instagram,Lead Magnet DM Campaign,Lead Magnet DM Campaign - A,Leads,lead,Tier 1,18-24,Women,Mobile,Reels,Learn More,2328,2294.38,36607,22577,2.79,1141,3.12,2.01,795,91,31,66,5.78,34.76,2.47
2026-04-15,Instagram,Lead Magnet DM Campaign,Lead Magnet DM Campaign - B,Leads,lead,Tier 1,35-44,Men,Desktop,Image,Send Message,2323,1961.88,47793,30371,1.64,720,1.51,2.72,586,40,30,35,4.86,56.05,2.3
2026-04-15,Instagram,Lead Magnet DM Campaign,Lead Magnet DM Campaign - C,Leads,lead,Metro,25-34,Women,Desktop,Story,Sign Up,3882,3715.07,33990,28797,2.3,829,2.44,4.48,664,39,18,34,4.1,109.27,1.94
2026-04-16,Instagram,Summer Sale Prospecting,Summer Sale Prospecting - A,Sales,purchase,Metro,18-24,Women,Mobile,Story,Shop Now,3286,2539.66,36625,24583,1.64,428,1.17,5.93,328,7,4,7,1.64,362.81,1.29
2026-04-16,Instagram,Summer Sale Prospecting,Summer Sale Prospecting - B,Sales,purchase,Metro,35-44,Women,Mobile,Story,Shop Now,5211,2136.63,15492,13184,2.77,159,1.03,13.44,121,3,1,3,1.89,712.21,1.11
2026-04-16,Instagram,Summer Sale Prospecting,Summer Sale Prospecting - C,Sales,purchase,Tier 2,35-44,Men,Desktop,Reels,Buy Now,3240,3236.17,45873,39644,2.37,330,0.72,9.81,213,8,4,7,2.12,462.31,1.05
2026-04-16,Instagram,Retargeting Add to Cart,Retargeting Add to Cart - A,Sales,purchase,Metro,35-44,Men,Desktop,Image,Buy Now,1678,1594.07,78069,53097,1.46,2759,3.53,0.58,1938,144,75,112,4.06,14.23,4.8
2026-04-16,Instagram,Retargeting Add to Cart,Retargeting Add to Cart - B,Sales,purchase,Metro,25-34,Men,Mobile,Image,Shop Now,2458,2468.85,33601,25633,2.37,1086,3.23,2.27,625,50,20,45,4.14,54.86,2.59
2026-04-16,Instagram,Retargeting Add to Cart,Retargeting Add to Cart - C,Sales,purchase,Tier 2,25-34,Men,Mobile,Image,Buy Now,3836,3975.84,55695,33856,1.99,2378,4.27,1.67,1637,112,72,99,4.16,40.16,3.18
2026-04-16,Instagram,Influencer Reel Push,Influencer Reel Push - A,Engagement,engagement,Metro,18-24,Men,Mobile,Reels,Learn More,6345,5832.46,60740,47620,1.77,1070,1.76,5.45,778,10,5,303,0.93,583.25,0.7
2026-04-16,Instagram,Influencer Reel Push,Influencer Reel Push - B,Engagement,engagement,Tier 2,18-24,Women,Desktop,Reels,Learn More,5271,4643.67,78043,54166,2.13,1409,1.81,3.3,971,15,6,240,0.85,386.97,1.29
2026-04-16,Instagram,Influencer Reel Push,Influencer Reel Push - C,Engagement,engagement,Tier 1,25-34,Women,Mobile,Reels,Learn More,6708,5442.46,65574,46105,1.61,1124,1.71,4.84,707,20,7,255,1.51,320.14,1.52
2026-04-16,Instagram,Festival Offer Prospecting,Festival Offer Prospecting - A,Sales,purchase,Metro,18-24,Women,Desktop,Carousel,Shop Now,6311,6109.2,60095,51196,2.44,584,0.97,10.46,376,13,6,10,1.71,610.92,2.52
2026-04-16,Instagram,Festival Offer Prospecting,Festival Offer Prospecting - B,Sales,purchase,Tier 1,18-24,Women,Mobile,Image,Learn More,2834,2776.37,52726,43434,1.2,671,1.27,4.14,444,18,7,16,2.38,173.52,1.91
2026-04-16,Instagram,Festival Offer Prospecting,Festival Offer Prospecting - C,Sales,purchase,Metro,18-24,Women,Mobile,Carousel,Learn More,5741,5613.09,75142,55333,2.18,820,1.09,6.85,649,17,7,13,1.59,431.78,1.43
2026-04-16,Instagram,Lead Magnet DM Campaign,Lead Magnet DM Campaign - A,Leads,lead,Tier 1,25-34,Men,Mobile,Story,Send Message,4908,2710.21,20141,14956,2.26,374,1.86,7.25,213,22,14,19,5.08,142.64,2.21
2026-04-16,Instagram,Lead Magnet DM Campaign,Lead Magnet DM Campaign - B,Leads,lead,Tier 2,35-44,Men,Desktop,Image,Learn More,2683,2303.39,27297,19624,2.72,672,2.46,3.43,484,31,23,33,4.91,69.8,2.57
2026-04-16,Instagram,Lead Magnet DM Campaign,Lead Magnet DM Campaign - C,Leads,lead,Tier 1,18-24,Women,Desktop,Story,Send Message,2255,2234.83,22263,18566,1.4,577,2.59,3.87,336,58,26,44,7.63,50.79,2.39
2026-04-17,Instagram,Summer Sale Prospecting,Summer Sale Prospecting - A,Sales,purchase,Tier 1,25-34,Women,Mobile,Story,Buy Now,5117,4953.85,51176,34104,2.1,557,1.09,8.89,448,10,5,9,1.62,550.43,1.78
2026-04-17,Instagram,Summer Sale Prospecting,Summer Sale Prospecting - B,Sales,purchase,Tier 1,18-24,Men,Mobile,Story,Learn More,5088,4005.86,85482,55468,2.48,1142,1.34,3.51,818,25,9,19,1.66,210.83,2.18
2026-04-17,Instagram,Summer Sale Prospecting,Summer Sale Prospecting - C,Sales,purchase,Metro,35-44,Women,Mobile,Image,Buy Now,5018,4228.42,25578,18741,1.97,311,1.22,13.6,180,15,8,11,3.54,384.4,2.34
2026-04-17,Instagram,Retargeting Add to Cart,Retargeting Add to Cart - A,Sales,purchase,Tier 2,18-24,Men,Desktop,Reels,Shop Now,3644,3281.26,79887,51268,1.31,2341,2.93,1.4,1485,153,93,112,4.78,29.3,5.22
2026-04-17,Instagram,Retargeting Add to Cart,Retargeting Add to Cart - B,Sales,purchase,Metro,25-34,Men,Mobile,Image,Shop Now,3425,2970.18,15112,13028,1.51,425,2.81,6.99,280,25,12,19,4.47,156.33,3.33
2026-04-17,Instagram,Retargeting Add to Cart,Retargeting Add to Cart - C,Sales,purchase,Metro,35-44,Men,Mobile,Carousel,Buy Now,1776,1535.23,41049,32768,2.77,1225,2.98,1.25,933,88,35,70,5.71,21.93,2.59
2026-04-17,Instagram,Influencer Reel Push,Influencer Reel Push - A,Engagement,engagement,Metro,25-34,Men,Desktop,Reels,Learn More,3181,2880.75,40991,34628,1.49,861,2.1,3.35,699,11,7,213,1.39,240.06,1.05
2026-04-17,Instagram,Influencer Reel Push,Influencer Reel Push - B,Engagement,engagement,Metro,18-24,Women,Mobile,Video,Watch More,5587,4999.87,74778,59695,1.63,1129,1.51,4.43,708,24,17,249,1.77,249.99,0.64
2026-04-17,Instagram,Influencer Reel Push,Influencer Reel Push - C,Engagement,engagement,Metro,18-24,Men,Desktop,Video,Learn More,3825,3605.02,41990,29431,2.33,740,1.76,4.87,481,10,5,173,1.22,400.56,0.88
2026-04-17,Instagram,Festival Offer Prospecting,Festival Offer Prospecting - A,Sales,purchase,Tier 1,35-44,Women,Mobile,Reels,Shop Now,5839,5925.99,63442,41785,1.52,1136,1.79,5.22,805,61,37,49,4.31,120.94,1.51
2026-04-17,Instagram,Festival Offer Prospecting,Festival Offer Prospecting - B,Sales,purchase,Tier 2,18-24,Men,Mobile,Carousel,Buy Now,3962,3445.79,80618,49495,2.54,1139,1.41,3.03,684,34,24,28,2.46,123.06,2.26
2026-04-17,Instagram,Festival Offer Prospecting,Festival Offer Prospecting - C,Sales,purchase,Tier 1,45-54,Men,Mobile,Carousel,Buy Now,5774,5218.64,75686,48559,1.9,889,1.17,5.87,728,21,14,21,2.36,248.51,2.09
2026-04-17,Instagram,Lead Magnet DM Campaign,Lead Magnet DM Campaign - A,Leads,lead,Tier 1,25-34,Men,Mobile,Image,Sign Up,3832,3723.24,58764,36987,1.22,1686,2.87,2.21,1040,132,75,132,7.83,28.21,1.79
2026-04-17,Instagram,Lead Magnet DM Campaign,Lead Magnet DM Campaign - B,Leads,lead,Metro,25-34,Men,Mobile,Story,Learn More,4778,4060.87,27625,20675,2.62,866,3.13,4.69,565,53,27,47,5.43,86.4,3.12
2026-04-17,Instagram,Lead Magnet DM Campaign,Lead Magnet DM Campaign - C,Leads,lead,Metro,25-34,Men,Desktop,Reels,Sign Up,3115,2735.74,48458,31561,1.53,939,1.94,2.91,719,83,65,78,8.31,35.07,2.56
2026-04-18,Instagram,Summer Sale Prospecting,Summer Sale Prospecting - A,Sales,purchase,Tier 1,25-34,Women,Desktop,Image,Learn More,3182,3006.34,64831,47277,2.7,972,1.5,3.09,551,23,10,18,1.85,167.02,1.77
2026-04-18,Instagram,Summer Sale Prospecting,Summer Sale Prospecting - B,Sales,purchase,Tier 1,18-24,Women,Mobile,Image,Learn More,3624,3725.95,69122,49530,1.37,749,1.08,4.97,566,15,10,14,1.87,266.14,0.83
2026-04-18,Instagram,Summer Sale Prospecting,Summer Sale Prospecting - C,Sales,purchase,Tier 2,35-44,Women,Desktop,Reels,Shop Now,4601,4591.55,46174,30573,1.91,457,0.99,10.05,350,6,6,7,1.53,655.94,1.18
2026-04-18,Instagram,Retargeting Add to Cart,Retargeting Add to Cart - A,Sales,purchase,Metro,18-24,Men,Desktop,Image,Buy Now,1642,1620.31,41489,26522,1.69,1704,4.11,0.95,1357,42,18,31,1.82,52.27,2.98
2026-04-18,Instagram,Retargeting Add to Cart,Retargeting Add to Cart - B,Sales,purchase,Metro,18-24,Men,Desktop,Image,Buy Now,3823,3089.59,74500,53154,2.57,2130,2.86,1.45,1560,42,26,32,1.5,96.55,2.99
2026-04-18,Instagram,Retargeting Add to Cart,Retargeting Add to Cart - C,Sales,purchase,Tier 1,35-44,Women,Mobile,Image,Buy Now,1814,1753.37,16700,12319,1.82,422,2.53,4.15,287,31,21,28,6.64,62.62,4.14
2026-04-18,Instagram,Influencer Reel Push,Influencer Reel Push - A,Engagement,engagement,Metro,18-24,Women,Mobile,Video,Watch More,6934,5545.29,79925,68926,2.63,1474,1.84,3.76,906,24,11,212,1.56,241.1,1.36
2026-04-18,Instagram,Influencer Reel Push,Influencer Reel Push - B,Engagement,engagement,Metro,25-34,Women,Desktop,Story,Learn More,6174,5689.8,59942,39314,2.78,1733,2.89,3.28,1147,29,19,408,1.33,247.38,0.94
2026-04-18,Instagram,Influencer Reel Push,Influencer Reel Push - C,Engagement,engagement,Metro,18-24,Women,Mobile,Story,Learn More,3819,2889.62,71053,49421,2.71,1755,2.47,1.65,1295,19,14,329,0.97,169.98,0.81
2026-04-18,Instagram,Festival Offer Prospecting,Festival Offer Prospecting - A,Sales,purchase,Tier 1,35-44,Men,Mobile,Reels,Shop Now,5819,5250.73,30810,24605,1.87,463,1.5,11.34,256,15,5,12,2.59,437.56,1.79
2026-04-18,Instagram,Festival Offer Prospecting,Festival Offer Prospecting - B,Sales,purchase,Metro,25-34,Men,Mobile,Reels,Learn More,6150,5961.78,45075,28335,2.32,1119,2.48,5.33,842,20,15,18,1.61,331.21,2.5
2026-04-18,Instagram,Festival Offer Prospecting,Festival Offer Prospecting - C,Sales,purchase,Tier 1,25-34,Women,Mobile,Image,Shop Now,5750,4613.26,26676,21483,2.61,365,1.37,12.64,246,7,4,8,2.19,576.66,1.1
2026-04-18,Instagram,Lead Magnet DM Campaign,Lead Magnet DM Campaign - A,Leads,lead,Metro,35-44,Men,Mobile,Reels,Learn More,3823,3993.17,40307,28329,1.92,825,2.05,4.84,568,87,34,63,7.64,63.38,2.53
2026-04-18,Instagram,Lead Magnet DM Campaign,Lead Magnet DM Campaign - B,Leads,lead,Tier 2,18-24,Women,Desktop,Image,Learn More,4306,3706.8,42197,31555,1.27,754,1.79,4.92,485,58,26,43,5.7,86.2,3.43
2026-04-18,Instagram,Lead Magnet DM Campaign,Lead Magnet DM Campaign - C,Leads,lead,Metro,25-34,Men,Mobile,Story,Send Message,3953,3615.12,32889,21406,1.31,780,2.37,4.63,590,60,40,51,6.54,70.88,1.63
2026-04-19,Instagram,Summer Sale Prospecting,Summer Sale Prospecting - A,Sales,purchase,Metro,25-34,Men,Mobile,Story,Shop Now,5131,4946.13,78972,62995,1.82,1125,1.42,4.4,819,27,16,26,2.31,190.24,1.62
2026-04-19,Instagram,Summer Sale Prospecting,Summer Sale Prospecting - B,Sales,purchase,Tier 2,25-34,Women,Mobile,Reels,Shop Now,5644,5213.04,60913,38200,2.21,641,1.05,8.13,379,11,7,10,1.56,521.3,2.4
2026-04-19,Instagram,Summer Sale Prospecting,Summer Sale Prospecting - C,Sales,purchase,Metro,25-34,Men,Mobile,Reels,Learn More,3745,3784.67,48722,30821,2.36,460,0.94,8.23,345,8,4,7,1.52,540.67,1.29
2026-04-19,Instagram,Retargeting Add to Cart,Retargeting Add to Cart - A,Sales,purchase,Metro,35-44,Men,Mobile,Image,Shop Now,1823,1658.89,31767,22297,2.22,852,2.68,1.95,640,25,17,25,2.93,66.36,3.74
2026-04-19,Instagram,Retargeting Add to Cart,Retargeting Add to Cart - B,Sales,purchase,Metro,35-44,Women,Mobile,Reels,Shop Now,3685,3495.56,42526,33163,2.5,1147,2.7,3.05,871,90,37,71,6.19,49.23,2.58
2026-04-19,Instagram,Retargeting Add to Cart,Retargeting Add to Cart - C,Sales,purchase,Metro,35-44,Women,Mobile,Carousel,Shop Now,3978,3023.69,18748,14649,2.61,559,2.98,5.41,344,24,9,21,3.76,143.99,1.94
2026-04-19,Instagram,Influencer Reel Push,Influencer Reel Push - A,Engagement,engagement,Tier 1,25-34,Men,Mobile,Story,Learn More,6885,4241.71,27391,18465,2.4,340,1.24,12.48,261,6,4,90,1.47,848.34,1.02
2026-04-19,Instagram,Influencer Reel Push,Influencer Reel Push - B,Engagement,engagement,Tier 2,25-34,Men,Mobile,Video,Learn More,5039,4260.13,43302,33257,2.74,896,2.07,4.75,708,18,8,92,1.56,304.3,1.05
2026-04-19,Instagram,Influencer Reel Push,Influencer Reel Push - C,Engagement,engagement,Tier 2,25-34,Women,Mobile,Reels,Watch More,6296,5892.16,80206,51133,2.1,1358,1.69,4.34,975,17,9,293,0.96,453.24,1.23
2026-04-19,Instagram,Festival Offer Prospecting,Festival Offer Prospecting - A,Sales,purchase,Tier 1,45-54,Women,Mobile,Reels,Shop Now,4300,4423.59,26094,16166,1.75,564,2.16,7.84,390,12,10,12,2.13,368.63,1.72
2026-04-19,Instagram,Festival Offer Prospecting,Festival Offer Prospecting - B,Sales,purchase,Tier 1,35-44,Men,Mobile,Image,Buy Now,6028,5746.25,45908,30864,1.8,796,1.73,7.22,640,24,16,25,3.14,229.85,2.06
2026-04-19,Instagram,Festival Offer Prospecting,Festival Offer Prospecting - C,Sales,purchase,Metro,18-24,Women,Mobile,Image,Shop Now,3807,3327.88,79575,51169,1.53,1525,1.92,2.18,856,59,32,50,3.28,66.56,2.43
2026-04-19,Instagram,Lead Magnet DM Campaign,Lead Magnet DM Campaign - A,Leads,lead,Metro,25-34,Men,Mobile,Reels,Send Message,2007,2079.37,83226,56634,2.61,1748,2.1,1.19,1237,84,47,64,3.66,32.49,2.21
2026-04-19,Instagram,Lead Magnet DM Campaign,Lead Magnet DM Campaign - B,Leads,lead,Tier 2,35-44,Women,Desktop,Story,Sign Up,3141,2754.66,29995,25727,1.34,688,2.29,4.0,491,49,31,37,5.38,74.45,1.98
2026-04-19,Instagram,Lead Magnet DM Campaign,Lead Magnet DM Campaign - C,Leads,lead,Tier 2,25-34,Women,Desktop,Reels,Learn More,3842,3253.87,18327,11813,1.25,289,1.58,11.26,228,24,17,20,6.92,162.69,2.0
2026-04-20,Instagram,Summer Sale Prospecting,Summer Sale Prospecting - A,Sales,purchase,Metro,25-34,Women,Desktop,Story,Learn More,3486,3314.46,20750,15393,2.63,323,1.56,10.26,204,7,4,6,1.86,552.41,1.41
2026-04-20,Instagram,Summer Sale Prospecting,Summer Sale Prospecting - B,Sales,purchase,Tier 1,18-24,Women,Mobile,Story,Buy Now,3670,1802.94,17775,14806,1.44,149,0.84,12.1,121,2,1,2,1.34,901.47,1.58
2026-04-20,Instagram,Summer Sale Prospecting,Summer Sale Prospecting - C,Sales,purchase,Metro,18-24,Women,Mobile,Image,Buy Now,5628,3427.36,40479,32129,2.52,279,0.69,12.28,180,4,2,4,1.43,856.84,2.02
2026-04-20,Instagram,Retargeting Add to Cart,Retargeting Add to Cart - A,Sales,purchase,Tier 1,18-24,Women,Mobile,Image,Buy Now,2984,2957.57,60066,41954,1.42,1765,2.94,1.68,1247,99,44,86,4.87,34.39,3.54
2026-04-20,Instagram,Retargeting Add to Cart,Retargeting Add to Cart - B,Sales,purchase,Tier 2,25-34,Women,Mobile,Image,Buy Now,2027,2020.34,66934,51360,1.29,1205,1.8,1.68,798,74,51,66,5.48,30.61,3.78
2026-04-20,Instagram,Retargeting Add to Cart,Retargeting Add to Cart - C,Sales,purchase,Tier 1,25-34,Women,Mobile,Carousel,Shop Now,2315,1824.0,24486,20883,2.1,999,4.08,1.83,755,75,25,55,5.51,33.16,4.15
2026-04-20,Instagram,Influencer Reel Push,Influencer Reel Push - A,Engagement,engagement,Metro,25-34,Women,Mobile,Reels,Watch More,5922,2693.01,32618,22053,2.48,213,0.65,12.64,124,4,2,43,1.88,673.25,1.64
2026-04-20,Instagram,Influencer Reel Push,Influencer Reel Push - B,Engagement,engagement,Tier 1,18-24,Women,Mobile,Story,Learn More,6814,5580.31,48037,32625,2.08,873,1.82,6.39,567,17,7,186,1.6,398.59,1.58
2026-04-20,Instagram,Influencer Reel Push,Influencer Reel Push - C,Engagement,engagement,Tier 2,25-34,Men,Mobile,Video,Learn More,5077,3497.89,23597,16252,2.09,362,1.53,9.66,235,3,1,104,0.83,1165.96,0.95
2026-04-20,Instagram,Festival Offer Prospecting,Festival Offer Prospecting - A,Sales,purchase,Metro,18-24,Men,Mobile,Reels,Buy Now,4008,3814.93,27100,21897,1.55,375,1.38,10.17,228,14,6,11,2.93,346.81,2.81
2026-04-20,Instagram,Festival Offer Prospecting,Festival Offer Prospecting - B,Sales,purchase,Tier 1,25-34,Men,Mobile,Reels,Buy Now,4944,4530.19,57933,45165,1.52,933,1.61,4.86,587,25,21,25,2.68,181.21,2.34
2026-04-20,Instagram,Festival Offer Prospecting,Festival Offer Prospecting - C,Sales,purchase,Tier 1,45-54,Women,Mobile,Reels,Shop Now,4647,4878.73,71830,49590,2.43,1115,1.55,4.38,733,42,16,32,2.87,152.46,2.5
2026-04-20,Instagram,Lead Magnet DM Campaign,Lead Magnet DM Campaign - A,Leads,lead,Tier 2,18-24,Women,Desktop,Reels,Sign Up,4145,3455.03,62574,42766,2.56,1425,2.28,2.42,1140,41,24,30,2.11,115.17,2.63
2026-04-20,Instagram,Lead Magnet DM Campaign,Lead Magnet DM Campaign - B,Leads,lead,Metro,18-24,Women,Mobile,Image,Sign Up,2420,2256.64,34692,28771,1.65,614,1.77,3.68,366,47,35,44,7.17,51.29,1.22
2026-04-20,Instagram,Lead Magnet DM Campaign,Lead Magnet DM Campaign - C,Leads,lead,Metro,18-24,Men,Desktop,Image,Sign Up,4690,4822.29,84460,53880,1.79,2521,2.98,1.91,1603,156,79,123,4.88,39.21,2.22
2026-04-01,Instagram,Retargeting Add to Cart,Retargeting Add to Cart - C,Sales,purchase,Metro,25-34,Men,Mobile,Carousel,Buy Now,3056,2297.06,77592,62105,2.5,1714,2.21,1.34,1269,82,51,65,3.79,35.34,3.54
